{
  "test_accuracy": 0.8247422575950623,
  "balanced_accuracy": 0.8153961136023917,
  "macro_f1": 0.7865654027089004,
  "test_top5_accuracy": 0.9536082744598389,
  "n_train": 1810,
  "n_val": 388,
  "n_test": 388,
  "num_classes": 227
}