{
  "stage1": {
    "accuracy": [
      0.012707182206213474,
      0.09060773253440857,
      0.2287292778491974,
      0.33149170875549316,
      0.45359116792678833,
      0.5425414443016052,
      0.6110497117042542,
      0.6679558157920837,
      0.7127071619033813,
      0.7513812184333801,
      0.7607734799385071,
      0.7878453135490417,
      0.8331491947174072,
      0.8430939316749573,
      0.8480662703514099,
      0.8502762317657471,
      0.859668493270874,
      0.8784530162811279,
      0.8856353759765625,
      0.8955801129341125,
      0.9011049866676331,
      0.9082872867584229,
      0.9160221219062805,
      0.919889509677887,
      0.9237568974494934
    ],
    "loss": [
      5.4391560554504395,
      4.655190467834473,
      3.718719482421875,
      2.881514072418213,
      2.246393918991089,
      1.8173167705535889,
      1.4792202711105347,
      1.2640585899353027,
      1.0456095933914185,
      0.9270530343055725,
      0.8353163599967957,
      0.7236507534980774,
      0.6048567295074463,
      0.5680971741676331,
      0.48889800906181335,
      0.47728341817855835,
      0.45535850524902344,
      0.41906630992889404,
      0.3800649344921112,
      0.34199440479278564,
      0.3465486466884613,
      0.31970763206481934,
      0.2726479768753052,
      0.2666139304637909,
      0.25927308201789856
    ],
    "top5": [
      0.054143644869327545,
      0.2458563596010208,
      0.49005526304244995,
      0.6259668469429016,
      0.749171257019043,
      0.8226519227027893,
      0.8734806776046753,
      0.8955801129341125,
      0.9364640712738037,
      0.9430938959121704,
      0.949171245098114,
      0.9640883803367615,
      0.9762430787086487,
      0.9762430787086487,
      0.9745856523513794,
      0.9823204278945923,
      0.9861878156661987,
      0.9867403507232666,
      0.9872928261756897,
      0.988950252532959,
      0.9895027875900269,
      0.988950252532959,
      0.9917126893997192,
      0.9917126893997192,
      0.9895027875900269
    ],
    "val_accuracy": [
      0.03865979239344597,
      0.1340206116437912,
      0.1649484485387802,
      0.2654639184474945,
      0.35824742913246155,
      0.3530927896499634,
      0.42268040776252747,
      0.42525774240493774,
      0.44329896569252014,
      0.5077319741249084,
      0.5051546096801758,
      0.5592783689498901,
      0.5824742317199707,
      0.6030927896499634,
      0.5902062058448792,
      0.6469072103500366,
      0.6469072103500366,
      0.6340206265449524,
      0.5644329786300659,
      0.623711347579956,
      0.6469072103500366,
      0.657216489315033,
      0.626288652420044,
      0.6675257682800293,
      0.6469072103500366
    ],
    "val_loss": [
      5.0475945472717285,
      4.400318145751953,
      3.749490261077881,
      3.218360424041748,
      2.7879984378814697,
      2.6291861534118652,
      2.36445689201355,
      2.3072683811187744,
      2.1183829307556152,
      1.9652531147003174,
      1.9281247854232788,
      1.738637089729309,
      1.5355663299560547,
      1.515965461730957,
      1.5057177543640137,
      1.384538173675537,
      1.3960084915161133,
      1.3681340217590332,
      1.590797781944275,
      1.3888005018234253,
      1.3416461944580078,
      1.3155468702316284,
      1.3884212970733643,
      1.1747992038726807,
      1.2437690496444702
    ],
    "val_top5": [
      0.13144329190254211,
      0.29381442070007324,
      0.4355670213699341,
      0.5592783689498901,
      0.6520618796348572,
      0.6623711585998535,
      0.7293814420700073,
      0.7293814420700073,
      0.7577319741249084,
      0.7731958627700806,
      0.7835051417350769,
      0.8041236996650696,
      0.842783510684967,
      0.8582473993301392,
      0.842783510684967,
      0.8556700944900513,
      0.8582473993301392,
      0.8685566782951355,
      0.8479381203651428,
      0.8711340427398682,
      0.873711347579956,
      0.8917526006698608,
      0.8840206265449524,
      0.907216489315033,
      0.8814433217048645
    ],
    "learning_rate": [
      0.0010000000474974513,
      0.0010000000474974513,
      0.0010000000474974513,
      0.0010000000474974513,
      0.0010000000474974513,
      0.0010000000474974513,
      0.0010000000474974513,
      0.0010000000474974513,
      0.0010000000474974513,
      0.0010000000474974513,
      0.0010000000474974513,
      0.0010000000474974513,
      0.0010000000474974513,
      0.0010000000474974513,
      0.0010000000474974513,
      0.0010000000474974513,
      0.0010000000474974513,
      0.0010000000474974513,
      0.0010000000474974513,
      0.0010000000474974513,
      0.0010000000474974513,
      0.0010000000474974513,
      0.0010000000474974513,
      0.0010000000474974513,
      0.0010000000474974513
    ]
  },
  "stage2": {
    "accuracy": [
      0.781215488910675,
      0.8613259792327881,
      0.8917127251625061,
      0.91049724817276,
      0.9165745973587036,
      0.940883994102478,
      0.9475138187408447,
      0.9480662941932678,
      0.9546961188316345,
      0.9530386924743652,
      0.9508287310600281,
      0.9580110311508179,
      0.9635359048843384,
      0.9668508172035217,
      0.9679558277130127,
      0.9690607786178589,
      0.9679558277130127,
      0.9740331768989563,
      0.9745856523513794,
      0.9817679524421692,
      0.9740331768989563,
      0.9767955541610718,
      0.9723756909370422,
      0.9779005646705627,
      0.9745856523513794,
      0.9790055155754089,
      0.9784530401229858,
      0.9839779138565063,
      0.9845303893089294,
      0.9790055155754089
    ],
    "loss": [
      1.3960208892822266,
      0.9250337481498718,
      0.6853491067886353,
      0.5338838696479797,
      0.4546130299568176,
      0.36918336153030396,
      0.3276560306549072,
      0.29965323209762573,
      0.25466927886009216,
      0.22738786041736603,
      0.22692039608955383,
      0.20009595155715942,
      0.1888570934534073,
      0.1648586243391037,
      0.15388211607933044,
      0.1418212652206421,
      0.1422874480485916,
      0.12700419127941132,
      0.12415105849504471,
      0.10835626721382141,
      0.11066089570522308,
      0.10716303437948227,
      0.11331937462091446,
      0.09569212049245834,
      0.09514252096414566,
      0.08783288300037384,
      0.0982399433851242,
      0.07873276621103287,
      0.076393723487854,
      0.08541923761367798
    ],
    "top5": [
      0.9430938959121704,
      0.9762430787086487,
      0.9850828647613525,
      0.9933701753616333,
      0.9922651648521423,
      0.9961326122283936,
      0.9966850876808167,
      0.9939226508140564,
      0.9972375631332397,
      0.9977900385856628,
      0.9972375631332397,
      0.9977900385856628,
      0.9983425140380859,
      0.9983425140380859,
      0.9977900385856628,
      1.0,
      0.9983425140380859,
      0.9983425140380859,
      0.9977900385856628,
      0.9988950490951538,
      0.9988950490951538,
      0.9988950490951538,
      0.9988950490951538,
      0.9983425140380859,
      0.9977900385856628,
      1.0,
      0.9983425140380859,
      0.9994475245475769,
      1.0,
      0.9994475245475769
    ],
    "val_accuracy": [
      0.6443299055099487,
      0.6675257682800293,
      0.688144326210022,
      0.7087628841400146,
      0.7113401889801025,
      0.7319587469100952,
      0.7319587469100952,
      0.7242268323898315,
      0.7396907210350037,
      0.7319587469100952,
      0.7680412530899048,
      0.75,
      0.7551546096801758,
      0.7654638886451721,
      0.7680412530899048,
      0.7886598110198975,
      0.7757731676101685,
      0.7886598110198975,
      0.7963917255401611,
      0.7989690899848938,
      0.8092783689498901,
      0.8092783689498901,
      0.8015463948249817,
      0.8041236996650696,
      0.8041236996650696,
      0.8067010045051575,
      0.8092783689498901,
      0.8144329786300659,
      0.8324742317199707,
      0.8221649527549744
    ],