{
  "n_splits": 5,
  "accuracy_mean": 0.015467913340253766,
  "accuracy_std": 1.194894811916078e-05,
  "macro_f1_mean": 0.00013528345962595688,
  "macro_f1_std": 8.439367472654835e-07
}