{
  "n_splits": 5,
  "accuracy_mean": 0.015174515554022197,
  "accuracy_std": 1.1500201253521887e-05,
  "macro_f1_mean": 0.00012711425264432674,
  "macro_f1_std": 9.75568818648441e-07
}