{
  "batchnorm_head": {
    "acc_mean": null,
    "acc_std": null,
    "macro_f1_mean": null
  },
  "1nn_accuracy": {
    "scores": [
      0.21,
      0.228
    ],
    "mean": 0.219,
    "std": 0.009000000000000008
  },
  "nearest_centroid": {
    "scores": [
      0.19,
      0.19
    ],
    "mean": 0.19,
    "std": 0.0
  },
  "logistic_regression": {
    "scores": [
      0.178,
      0.214
    ],
    "mean": 0.196,
    "std": 0.018000000000000002
  },
  "1nn_l2": {
    "scores": [
      0.156,
      0.174
    ],
    "mean": 0.16499999999999998,
    "std": 0.008999999999999994
  },
  "nc_l2": {
    "scores": [
      0.14,
      0.152
    ],
    "mean": 0.14600000000000002,
    "std": 0.0059999999999999915
  },
  "logreg_l2": {
    "scores": [
      0.152,
      0.164
    ],
    "mean": 0.158,
    "std": 0.006000000000000005
  },
  "efficientnetv2_finetuned": {
    "test_accuracy": 0.8247422575950623,
    "balanced_accuracy": 0.8153961136023917,
    "macro_f1": 0.7865654027089004,
    "test_top5_accuracy": 0.9536082744598389,
    "n_train": 1810,
    "n_val": 388,
    "n_test": 388,
    "num_classes": 227
  },
  "production_1nn": {
    "accuracy": 0.33976833976833976,
    "balanced_accuracy": 0.3473201174743025,
    "macro_f1": 0.3172247722908516,
    "weighted_f1": 0.3275459204030633,
    "n_train": 2068,
    "n_test": 518
  }
}