{
  "batchnorm_head": {
    "acc_mean": 0.0151747991392856,
    "acc_std": 0.0005448478061184674,
    "macro_f1_mean": 0.0001226998023923072
  },
  "1nn_accuracy": {
    "scores": [
      0.244,
      0.242
    ],
    "mean": 0.243,
    "std": 0.0010000000000000009
  },
  "nearest_centroid": {
    "scores": [
      0.218,
      0.19
    ],
    "mean": 0.20400000000000001,
    "std": 0.013999999999999999
  },
  "logistic_regression": {
    "scores": [
      0.232,
      0.206
    ],
    "mean": 0.219,
    "std": 0.013000000000000012
  }
}