{
  "batchnorm_head": {
    "acc_mean": 0.0151747991392856,
    "acc_std": 0.0005448478061184674,
    "macro_f1_mean": 0.0001226998023923072
  },
  "1nn_accuracy": {
    "scores": [
      0.248,
      0.258
    ],
    "mean": 0.253,
    "std": 0.0050000000000000044
  },
  "nearest_centroid": {
    "scores": [
      0.208,
      0.204
    ],
    "mean": 0.206,
    "std": 0.0020000000000000018
  },
  "logistic_regression": {
    "scores": [
      0.248,
      0.224
    ],
    "mean": 0.236,
    "std": 0.011999999999999997
  },
  "1nn_l2": {
    "scores": [
      0.218,
      0.208
    ],
    "mean": 0.213,
    "std": 0.0050000000000000044
  },
  "nc_l2": {
    "scores": [
      0.164,
      0.16
    ],
    "mean": 0.162,
    "std": 0.0020000000000000018
  },
  "logreg_l2": {
    "scores": [
      0.164,
      0.148
    ],
    "mean": 0.156,
    "std": 0.008000000000000007
  }
}