{
  "batchnorm_head": {
    "acc_mean": null,
    "acc_std": null,
    "macro_f1_mean": null
  },
  "1nn_accuracy": {
    "scores": [
      0.29,
      0.292
    ],
    "mean": 0.291,
    "std": 0.0010000000000000009
  },
  "nearest_centroid": {
    "scores": [
      0.238,
      0.222
    ],
    "mean": 0.22999999999999998,
    "std": 0.007999999999999993
  },
  "logistic_regression": {
    "scores": [
      0.298,
      0.288
    ],
    "mean": 0.293,
    "std": 0.0050000000000000044
  },
  "1nn_l2": {
    "scores": [
      0.256,
      0.252
    ],
    "mean": 0.254,
    "std": 0.0020000000000000018
  },
  "nc_l2": {
    "scores": [
      0.202,
      0.186
    ],
    "mean": 0.194,
    "std": 0.008000000000000007
  },
  "logreg_l2": {
    "scores": [
      0.298,
      0.298
    ],
    "mean": 0.298,
    "std": 0.0
  },
  "efficientnetv2_finetuned": {
    "test_accuracy": 0.9304123520851135,
    "balanced_accuracy": 0.9110612855007474,
    "macro_f1": 0.8868516156462586,
    "test_top5_accuracy": 0.9819587469100952,
    "n_train": 1810,
    "n_val": 388,
    "n_test": 388,
    "num_classes": 227
  },
  "production_1nn": {
    "accuracy": 0.5019305019305019,
    "balanced_accuracy": 0.477863436123348,
    "macro_f1": 0.4432354478609985,
    "weighted_f1": 0.47659620516763374,
    "n_train": 2068,
    "n_test": 518
  }
}