{
  "accuracy": 0.5019305019305019,
  "balanced_accuracy": 0.477863436123348,
  "macro_f1": 0.4432354478609985,
  "weighted_f1": 0.47659620516763374,
  "n_train": 2068,
  "n_test": 518
}