{
  "accuracy": 0.4185606060606061,
  "balanced_accuracy": 0.42422907488986783,
  "macro_f1": 0.3801495819371073,
  "weighted_f1": 0.39531475159817403,
  "n_train": 2108,
  "n_test": 528
}