{
  "accuracy": 0.33976833976833976,
  "balanced_accuracy": 0.3473201174743025,
  "macro_f1": 0.3172247722908516,
  "weighted_f1": 0.3275459204030633,
  "n_train": 2068,
  "n_test": 518
}